"","Community","community_area_number","property_type","zip_code","affordable_units_no","x_coordinate","y_coordinate","latitude","longitude","location"
"1","Uptown",3,"ARO",60640,4,1168376.19,1933904.517,41.97416834,-87.65620794,"(41.9741683436707, -87.6562079425006)"
"2","Belmont Cragin",19,"Senior",60641,110,1144792.615,1920829.074,41.938767,-87.74326301,"(41.93876700406477, 87.7432630148762)"
"3","West Ridge",2,"ARO",60645,3,1157863.159,1942516.737,41.99802217,-87.69463113,"(41.9980221692538, -87.6946311266723)"
"4","Grand Boulevard",38,"Multifamily",60653,72,1182241.946,1873977.257,41.80941355,-87.60708556,"(41.80941355316, -87.6070855617653)"
"5","Near West Side",28,"Multifamily",60612,176,1164349.325,1900851.12,41.88355426,-87.67195337,"(41.8835542602409, -87.6719533671956)"
"6","Avondale",21,"ARO",60639,12,1149206.496,1918356.569,41.93189772,-87.72710503,"(41.9318977231462, -87.7271050304538)"
"7","Roseland",49,"Senior",60628,59,1178843.134,1835756.142,41.70460868,-87.62071293,"(41.70460868112854, -87.6207129341579)"
"8","Lower West Side",31,"Multifamily",60608,4,1170202.356,1891062.313,41.85656724,-87.65074652,"(41.8565672424017, -87.6507465232068)"
"9","North Lawndale",29,"Multifamily",60608,5,1158533.507,1893871.34,41.86452207,-87.69350059,"(41.8645220744709, -87.6935005875192)"
"10","Oakland",36,"Multifamily",60653,61,1182895.852,1878499.666,41.82180819,-87.6045465,"(41.82180819274104, -87.60454649932994)"
"11","Uptown",3,"ARO",60640,7,1168366.031,1930722.653,41.96543743,-87.65633776,"(41.96543743293176, -87.65633775847638)"
"12","West Town",24,"Senior",60647,24,1158416.973,1910568.81,41.91034383,-87.69347132,"(41.9103438336904, -87.6934713168643)"
"13","Near North Side",8,"ARO",60654,4,1174637.06190594,1905465.74083713,41.8959932601386,-87.6340381880058,"(41.8959932601386, -87.6340381880058)"
"14","Portage Park",15,"ARO",60641,11,1143974.592,1926130.299,41.95332945,-87.74613601,"(41.95332945388426, -87.74613600967054)"
"15","Irving Park",16,"Senior",60618,14,1151092.758,1926461.28,41.95410087,-87.71996013,"(41.9541008741757, -87.719960126363)"
"16","Humboldt Park",23,"Multifamily",60624,16,1153814.924,1903755.65,41.89174085,-87.71055924,"(41.8917408492721, -87.7105592394886)"
"17","Uptown",3,"Multifamily",60640,6,1168043.187,1932203.053,41.96950669,-87.65748184,"(41.969506690776, -87.65748184106664)"
"18","West Pullman",53,"Supportive Housing",60628,90,1173523.536,1824810.063,41.67469008,-87.64051484,"(41.6746900778514, -87.6405148423398)"
"19","Near North Side",8,"ARO",60610,20,1172714.757,1905745.153,41.89680276,-87.64109007,"(41.89680275880236, -87.64109006900695)"
"20","Avondale",21,"ARO",60641,1,1147642.668,1920900.727,41.93890932,-87.73278642,"(41.938909316360906, -87.73278642492338)"
"21","Uptown",3,"Multifamily",60640,18,1167869.511,1929704.264,41.96265369,-87.65819285,"(41.9626536880938, -87.6581928458592)"
"22","Logan Square",22,"Senior",60647,41,1159142.563,1915828.561,41.9247621,-87.69066098,"(41.9247620984666, -87.6906609776664)"
"23","Douglas",35,"Multifamily",60609,6,1176845.915,1881076.382,41.82901759,-87.62666295,"(41.8290175865266, -87.6266629487078)"
"24","Belmont Cragin",19,"Senior",60639,85,1143963.795,1917674.647,41.93012657,-87.74638854,"(41.9301265688258, -87.7463885389486)"
"25","Portage Park",15,"ARO",60641,2,1143429.525,1928858.395,41.96082581,-87.74807125,"(41.9608258122531, -87.7480712546458)"
"26","Near North Side",8,"ARO",60610,32,1174510.06345809,1906800.417,41.89965852,-87.63446469,"(41.8996585214079, -87.6344646909791)"
"27","Austin",25,"Multifamily",60644,78,1139471.896,1903210.835,41.8905194,-87.76324864,"(41.8905193977099, -87.7632486365124)"
"28","West Pullman",53,"Senior",60628,42,1178389.496,1827364.136,41.6815901,-87.62262763,"(41.6815900985845, -87.6226276337339)"
"29","Woodlawn",42,"Multifamily",60637,64,1184799.335,1864093.117,41.782231,-87.59801573,"(41.7822309984892, -87.5980157269828)"
"30","Lincoln Square",4,"ARO",60625,2,1159495.407,1930676.176,41.96549759,-87.68895433,"(41.9654975931691, -87.6889543312091)"
"31","Uptown",3,"Multifamily",60640,13,1168380.03,1927860.194,41.95758244,-87.65636944,"(41.9575824412569, -87.6563694356509)"
"32","Lake View",6,"ARO",60613,5,1165009.048,1925544.23,41.95129974,-87.66882824,"(41.95129973540925, -87.66882823903269)"
"33","Near North Side",8,"ARO",60610,43,1174473.401,1907730.638,41.90221192,-87.63457152,"(41.9022119151994, -87.6345715220446)"
"34","Uptown",3,"ARO",60640,16,1168763.559,1933706.921,41.97361773,-87.65478924,"(41.9736177253694, -87.6547892430962)"
"35","Near West Side",28,"ARO",60607,32,1165681.40129988,1901327.164,41.88483229,-87.66704832,"(41.884832286504235, -87.66704832148883)"
"36","Lincoln Square",4,"ARO",60625,2,1162127.163,1931058.891,41.96649306,-87.6792672,"(41.9664930631947, -87.6792672013702)"
"37","Near North Side",8,"Senior",60610,101,1172779.714,1909442.309,41.90694652,-87.64074187,"(41.90694651905692, -87.64074186564679)"
"38","Humboldt Park",23,"Multifamily",60624,6,1154618.055,1903853.44,41.89199316,-87.70760707,"(41.8919931604846, -87.7076070703225)"
"39","Near South Side",33,"Senior",60605,276,1177842.094,1893842.68,41.86402666,-87.62262043,"(41.864026664933, -87.6226204269935)"
"40","Uptown",3,"Multifamily",60640,12,1169543.909,1930117.784,41.96375203,-87.65202468,"(41.96375203399769, -87.65202467695009)"
"41","Lower West Side",31,"Multifamily",60608,25,1165132.943,1890827.827,41.85603287,-87.66936057,"(41.8560328733339, -87.6693605654777)"
"42","Logan Square",22,"Multifamily",60647,12,1152897.634,1913030.193,41.91720928,-87.71368201,"(41.9172092810543, -87.7136820059935)"
"43","Lincoln Park",7,"ARO",60614,54,1170870.95,1915911.798,41.92474121,-87.64756347,"(41.9247412087562, -87.6475634736031)"
"44","East Garfield Park",27,"Multifamily",60624,50,1153790.485,1896268.991,41.87119717,-87.71084842,"(41.8711971734122, -87.7108484249133)"
"45","Logan Square",22,"Multifamily",60647,3,1154261.835,1911817.117,41.91385334,-87.70870236,"(41.9138533401484, -87.7087023585048)"
"46","Logan Square",22,"ARO",60647,14,1157275.918,1915411.868,41.92365685,-87.69753123,"(41.9236568472526, -87.697531225726)"
"47","Belmont Cragin",19,"ARO",60707,1,1132223.084,1913455.475,41.9187611,-87.78963176,"(41.91876109734238, 87.78963175945233)"
"48","Logan Square",22,"Multifamily",60647,3,1152491.947,1911884.938,41.91407463,-87.71520284,"(41.9140746342917, -87.7152028390309)"
"49","Austin",25,"Multifamily",60644,12,1139130.076,1898499.873,41.87759814,-87.76461864,"(41.8775981391756, -87.7646186402379)"
"50","Lower West Side",31,"Multifamily",60608,12,1167939.641,1891689.48,41.8583373,-87.65903377,"(41.8583373045384, -87.6590337725469)"
"51","West Town",24,"ARO",60642,19,1168610.474,1905551.686,41.89636176,-87.65616995,"(41.8963617568158, -87.6561699480868)"
"52","West Town",24,"ARO",60642,1,1169534.021,1904952.077,41.89469634,-87.65279542,"(41.8946963389876, -87.652795420646)"
"53","Humboldt Park",23,"Multifamily",60647,3,1152579.353,1911651.094,41.91343122,-87.71488792,"(41.9134312154579, -87.7148879186767)"
"54","Montclare",18,"Senior",60707,7,1131547.932,1914379.416,41.92130822,-87.79209096,"(41.9213082227541, -87.7920909580488)"
"55","Uptown",3,"Multifamily",60640,60,1167014.087,1932819.273,41.97121983,-87.66124806,"(41.9712198343036, -87.6612480604762)"
"56","Humboldt Park",23,"Multifamily",60624,6,1155237.959,1903558.991,41.89117274,-87.70533834,"(41.8911727353719, -87.7053383382248)"
"57","South Lawndale",30,"Multifamily",60623,8,1153205.149,1888451.562,41.84975688,-87.71320473,"(41.8497568840392, -87.7132047259626)"
"58","Grand Boulevard",38,"Multifamily",60653,65,1177858.686,1875634.197,41.81406086,-87.62311222,"(41.8140608614135, -87.6231122243036)"
"59","Englewood",68,"Multifamily",60621,69,1175444.813,1860492.084,41.77256377,-87.63241932,"(41.772563768909, -87.6324193182049)"
"60","Logan Square",22,"ARO",60647,22,1157492.643,1915110.094,41.92282434,-87.69674313,"(41.9228243439568, -87.696743126238)"
"61","South Chicago",46,"Multifamily",60617,29,1198941.103,1844604.277,41.72840878,-87.54682246,"(41.7284087757332, -87.5468224570309)"
"62","Uptown",3,"Multifamily",60640,18,1169143.773,1930693.074,41.96533937,-87.65347906,"(41.9653393681499, -87.6534790570047)"
"63","Humboldt Park",23,"Multifamily",60624,15,1153240.184,1903567.266,41.89123533,-87.71267502,"(41.8912353311207, -87.7126750162555)"
"64","Montclare",18,"ARO",60634,2,1131639.88,1918054.962,41.93139277,-87.7916678,"(41.9313927728181, -87.7916677976395)"
"65","Lower West Side",31,"Multifamily",60608,6,1167849.048,1890829.499,41.85597939,-87.65939108,"(41.8559793926667, -87.6593910822171)"
"66","Near West Side",28,"Senior",60608,181,1167191.396,1894769.797,41.86680605,-87.66169184,"(41.8668060489591, -87.6616918421459)"
"67","Uptown",3,"Multifamily",60640,137,1167373.041,1931314.7,41.9670835,-87.65997164,"(41.96708350165128, -87.6599716369116)"
"68","Hunboldt Paek",23,"Multifamily",60647,16,1151532.936,1911006.556,41.91168319,-87.71874923,"(41.911683185141136, -87.71874923005096)"
"69","Lake View",6,"ARO",60657,1,1169418.134,1922062.554,41.94165093,-87.65272231,"(41.94165092770152, -87.65272230772611)"
"70","Uptown",3,"ARO",60640,5,1168036.159,1930840.623,41.96576829,-87.6575472,"(41.96576829198519, -87.65754719663556)"
"71","Near West Side",28,"Multifamily",60612,76,1159392.507,1898418.37,41.87698195,-87.69022214,"(41.8769819545732, -87.6902221443242)"
"72","West Town",24,"ARO",60647,5,1158490.609,1910798.294,41.91097205,-87.69319452,"(41.9109720465448, -87.6931945157287)"
"73","North Lawndale",29,"Multifamily",60623,45,1151263.623,1891891.93,41.85923592,-87.7202403,"(41.8592359222937, -87.7202402979576)"
"74","Humboldt Park",23,"Supportive Housing",60647,69,1153731.441,1907707.148,41.9025858,-87.71076053,"(41.902585798904, -87.710760528276)"
"75","Uptown",3,"Multifamily",60640,83,1169606.678,1930039.336,41.9635354,-87.65179619,"(41.9635353994208, -87.651796190778)"
"76","West Garfield Park",26,"Senior",60624,276,1151025.526,1899809.62,41.88096762,-87.72090693,"(41.8809676236059, -87.7209069325321)"
"77","Rogers Park",1,"Multifamily",60626,54,1163231.887,1947395.327,42.01129755,-87.6747434,"(42.011297553855016, -87.67474340393993)"
"78","Englewood",68,"Supportive/Veterans",60621,73,1171959.565,1864993.894,41.78499449,-87.64506314,"(41.7849944939049, -87.6450631448593)"
"79","West Ridge",2,"ARO",60659,2,1159227.225,1938700.509,41.98752226,-87.68971871,"(41.9875222634019, -87.6897187054826)"
"80","Austin",25,"Senior HUD 202",60644,60,1145481.111,1897910.062,41.87586178,-87.74131396,"(41.8758617765259, -87.7413139551546)"
"81","North Lawndale",29,"Multifamily",60608,5,1158274.683,1894003.779,41.86489079,-87.69444711,"(41.8648907888264, -87.6944471100166)"
"82","Near North Side",8,"Multifamily",60642,112,1170813.062,1908876.862,41.90543825,-87.64798274,"(41.9054382467375, -87.6479827434046)"
"83","Humboldt Park",23,"Multifamily",60651,15,1148770.589,1908634.274,41.90522727,-87.72895873,"(41.90522727496384, -87.72895872712601)"
"84","Chicago Lawn",66,"Senior",60629,60,1159807.028,1862817.69,41.77928099,-87.68967949,"(41.779280990198, -87.689679486435)"
"85","West Town",24,"ARO",60622,2,1165493.322,1907177.772,41.90089079,-87.66757227,"(41.9008907948967, -87.6675722718045)"
"86","Auburn Gresham",71,"Multifamily",60620,56,1174067.016,1848682.074,41.74018636,-87.63781991,"(41.7401863579865, -87.6378199127676)"
"87","Grand Boulevard",38,"Multifamily",60653,53,1181273.656,1876588.698,41.81660195,-87.61055648,"(41.8166019546134, -87.6105564793175)"
"88","North Lawndale",29,"Multifamily",60608,1,1158530.365,1893988.193,41.86484279,-87.69350892,"(41.8648427948798, -87.6935089238032)"
"89","Humboldt Park",23,"Multifamily",60612,6,1155324.884,1903322.64,41.89052242,-87.70502546,"(41.8905224213702, -87.7050254597132)"
"90","Humboldt Park",23,"Multifamily",60612,12,1155336.105,1903869.285,41.89202224,-87.70496955,"(41.89202224051242, -87.70496954716313)"
"91","Near South Side",33,"ARO",60605,8,1176949.91,1893820.089,41.86398489,-87.62589624,""
"92","Washington Park",40,"Multifamily",60637,56,1179402.842,1867825.622,41.79259828,-87.61768665,"(41.79259828346719, -87.61768665157615)"
"93","Lake View",6,"Senior Supportive Living",60657,97,1165704.848,1921625.294,41.94053116,-87.66638261,"(41.9405311557355, -87.6663826052792)"
"94","Humboldt Park",23,"Multifamily",60651,9,1154314.32,1907834.526,41.90292371,-87.7086161,"(41.9029237079623, -87.708616099157)"
"95","North Lawndale",29,"Multifamily",60624,26,1148552.235,1894414.418,41.86621064,-87.73012799,"(41.86621063540905, -87.73012798528492)"
"96","West Pullman",53,"Senior",60628,60,1174831.25,1825538.503,41.67666008,-87.63570683,"(41.67666008040136, -87.63570682972224)"
"97","Auburn Gresham",71,"Senior HUD 202",60620,59,1172404.466,1851597.134,41.74822238,-87.6438257,"(41.7482223776924, -87.643825698846)"
"98","North Lawndale",29,"Supportive/HIV/AIDS",60623,32,1154939.023,1893956.68,41.86482901,-87.70669366,"(41.8648290105554, -87.706693663235)"
"99","East Garfield Park",27,"Multifamily",60624,42,1152413.693,1896087.181,41.87072555,-87.71590797,"(41.8707255522781, -87.7159079717015)"
"100","Washington Park",40,"Supportive/Kinship Families",60637,28,1179276.077,1868251.46,41.79376972,-87.61813849,"(41.7937697184394, -87.6181384855775)"
"101","Uptown",3,"Supportive Housing",60640,96,1167919.615,1933730.438,41.97370056,-87.65789194,"(41.9737005572223, -87.6578919355485)"
"102","Near West Side",28,"Senior",60608,68,1167767.395,1892902.581,41.86166987,-87.65963108,"(41.8616698672629, -87.6596310829808)"
"103","Oakland",36,"Multifamily",60653,6,1184098.384,1877540.909,41.81914922,-87.60016504,"(41.8191492210611, -87.6001650372999)"
"104","Near West Side",28,"ARO",60607,26,1167351.641,1901500.005,41.88527083,-87.66091,"(41.8852708263977, -87.6609099980396)"
"105","Grand Boulevard",38,"Multifamily",60653,87,1178382.513,1875605.784,41.813971,-87.62119166,"(41.8139709971034, -87.6211916565333)"
"106","Douglas",35,"Mutifamily",60609,12,1176697.68,1880416.049,41.82720892,-87.62722672,"(41.8272089226053, -87.62722672192)"
"107","Lake View",6,"ARO",60657,7,1167546.298,1934240.17,41.97510735,-87.65924996,"(41.975107346793216, -87.65924996027928)"
"108","West Town",24,"ARO",60622,3,1158185.871,1909709.708,41.90799111,-87.69434381,"(41.907991114807, -87.6943438113739)"
"109","New City",61,"Senior",60609,101,1166174.275,1873464.518,41.80836402,-87.66603343,"(41.8083640191309, -87.6660334349939)"
"110","Near North Side",8,"SRO",60610,90,1174865.866,1908692.107,41.90484145,-87.63310113,"(41.904841451218275, -87.63310112695247)"
"111","Fuller Park",37,"Senior",60609,100,1175183.479,1871367.582,41.80241312,-87.63305258,"(41.8024131184468, -87.6330525825815)"
"112","Englewood",68,"People with Disabilities",60621,57,1173046.575,1864479.47,41.78355891,-87.6410929,"(41.7835589091867, -87.6410928974706)"
"113","West Town",24,"ARO",60642,19,1168610.474,1905551.686,41.89636176,-87.65616995,"(41.89636175681587, -87.65616994808683)"
"114","North Lawndale",29,"Multifamily",60608,4,1158281.777,1893762.463,41.86422845,-87.69442766,"(41.8642284473937, -87.6944276610452)"
"115","Logan Square",22,"Multifamily",60647,44,1151994.545,1914090.961,41.92013798,-87.71697197,"(41.9201379786438, -87.71697197414618)"
"116","Lake View",6,"Senior",60657,52,1165713.523,1921292.762,41.93961849,-87.66636023,"(41.93961848643664, -87.6663602297043)"
"117","Uptown",3,"ARO",60640,8,1170420.321,1930790.322,41.96557833,-87.64878266,"41 96557832822343"
"118","Humboldt Park",23,"Multifamily",60624,6,1152924.343,1903817.949,41.89192949,-87.71382831,"(41.8919294933613, -87.7138283058778)"
"119","Riverdale",54,"Senior",60627,75,1180294.274,1818758.372,41.65793125,-87.6159174,"(41.6579312533062, -87.6159174009456)"
"120","Rogers Park",1,"Supportive Housing",60626,297,1165865.348,1945401.689,42.00577097,-87.66511109,"(42.0057709728472, -87.6651110903791)"
"121","Kenwood",39,"Multifamily",60653,81,1183149.455,1874094.41,41.80971394,-87.60375337,"(41.8097139385796, -87.6037533682576)"
"122","Near West Side",28,"Multifamily",60612,115,1160165.746,1898949.65,41.8784239,-87.68736835,"(41.8784239004305, -87.6873683542788)"
"123","Uptown",3,"Senior",60640,98,1168292.832,1934023.29,41.97449607,-87.65651102,"(41.9744960684983, -87.6565110221041)"
"124","Uptown",3,"ARO",60640,2,1165627.535,1930345.788,41.96446223,-87.66641734,"(41.96446223237479, -87.66641734463559)"
"125","Austin",25,"Senior HUD 202",60644,60,1145250.308,1897655.195,41.87516675,-87.74216784,"(41.8751667549585, -87.7421678377562)"
"126","Grand Boulevard",38,"Multifamily",60615,100,1181127.01,1872564.798,41.80556343,-87.61121843,"(41.805563433030365, -87.61121843419868)"
"127","North Lawndale",29,"Multifamily",60608,10,1158851.587,1894355.407,41.86584389,-87.69231965,"(41.865843892007, -87.6923196474984)"
"128","Washington Heights",73,"Supportive Housing",60620,4,1168524.176,1845466,41.73148212,-87.65822063,"(41.7314821221761, -87.6582206279217)"
"129","Uptown",3,"ARO",60640,4,1164837.241,1931792.002,41.96844754,-87.66928182,"(41.9684475448392, -87.6692818155949)"
"130","Lower West Side",31,"ARO",60608,10,1167176.941,1890229.839,41.85434832,-87.66187526,"(41.8543483215561, -87.6618752555649)"
"131","Near North Side",8,"ARO",60611,3,1179498.66944667,1904838.20592328,41.8941611550803,-87.6162020126837,"(41.8941611550803, -87.6162020126837)"
"132","Oakland",36,"Multifamily",60653,3,1184252.736,1877396.348,41.81874892,-87.59960335,"(41.8187489217312, -87.5996033526626)"
"133","New City",61,"Multifamily",60609,115,1161385.374,1872314.959,41.80531018,-87.68362994,"(41.8053101772522, -87.6836299381718)"
"134","Hyde Park",41,"ARO",60615,10,1185102.561,1869464.413,41.79696316,-87.59673531,"(41.7969631559439, -87.5967353132738)"
"135","South Shore",43,"Multifamily",60649,136,1190721.263,1858722.629,41.76735295,-87.57647796,"(41.7673529545676, -87.5764779584457)"
"136","Austin",25,"Supportive Housing",60644,57,1137606.415,1901816.665,41.88672742,-87.77013329,"(41.8867274206876, -87.7701332901046)"
"137","Avondale",21,"ARO",60618,5,1156887.962,1921101.738,41.93927815,-87.698802,"(41.93927814818369, -87.69880199861194)"
"138","Rogers Park",1,"Senior",60626,119,1165843.898,1946058.513,42.00757377,-87.66517114,"(42.0075737709331, -87.6651711448293)"
"139","Kenwood",39,"Multifamily",60615,97,1182447.475,1873039.189,41.80683465,-87.60636083,"(41.80683465328728, -87.6063608291085)"
"140","North Lawndale",29,"65+/Supportive",60623,120,1147554.657,1890603.264,41.85577153,-87.7338879,"(41.8557715313027, -87.7338878999525)"
"141","West Town",24,"ARO",60647,16,1160047.49668912,1911706.07494694,41.91343104,-87.68744994,"(41.91343103973318, -87.68744993535813)"
"142","Brighton Park",58,"Multifamily",60632,30,1155315.538,1873325.098,41.80820589,-87.70586474,"(41.8082058904121, -87.7058647387343)"
"143","Calumet Heights",48,"Senior",60617,134,1188530.765,1842933.538,41.72407879,-87.58501024,"(41.7240787910774, -87.5850102376276)"
"144","Oakland",36,"Multifamily",60653,76,1181862.329,1880153.551,41.82637057,-87.60828676,"(41.826370566755, -87.6082867641214)"
"145","Grand Boulevard",38,"Multifamily",60615,8,1181237.493,1871959.196,41.80389906,-87.6108319,"(41.8038990622584, -87.6108319018369)"
"146","Near North Side",8,"Supportive Housing",60622,40,1170359.454,1908979.929,41.905731,-87.64964597,"(41.9057310022859, -87.6496459663701)"
"147","Washington Park",40,"Artist/Family",60637,49,1178058.043,1868394.472,41.79418988,-87.62260056,"(41.79418987604286, -87.62260056397874)"
"148","Portage Park",15,"ARO",60634,2,1133012.825,1926100.104,41.95344562,-87.78643375,"(41.9534456208497, -87.7864337467324)"
"149","Rogers Park",1,"Senior",60626,44,1165843.898,1946058.513,42.00757377,-87.66517114,"(42.0075737709331, -87.6651711448293)"
"150","North Lawndale",29,"Multifamily",60608,5,1158801.298,1894249.272,41.86555368,-87.69250717,"(41.86555367636, -87.6925071702978)"
"151","Uptown",3,"Supportive Housing",60640,100,1168689.933,1933461.587,41.97294612,-87.65506712,"(41.9729461220532, -87.6550671246698)"
"152","West Ridge",2,"Senior",60659,117,1156512.51,1940837.411,41.99344157,-87.69964542,"(41.9934415657216, -87.699645424939)"
"153","Near South Side",33,"Multifamily",60616,176,1175862.866,1890322.361,41.8544114,-87.62999188,"(41.8544114000898, -87.6299918763962)"
"154","Humboldt Park",23,"Supportive/Males 18-24yrs.",60647,35,1152641.115,1910367.063,41.9099065,-87.71469504,"(41.9099064976123, -87.7146950393782)"
"155","Dunning",17,"Senior",60634,129,1129981.018,1927628.484,41.95769221,-87.79754403,"(41.9576922114684, -87.79754403338)"
"156","Lake View",6,"ARO",60657,2,1171456.757,1921446.689,41.93991631,-87.64524776,"(41.9399163094736, -87.6452477578847)"
"157","East Garfield Park",27,"Multifamily",60624,36,1153024.162,1898153.842,41.87638462,-87.71361194,"(41.87638462364, -87.7136119355645)"
"158","Rogers Park",1,"Senior",60626,57,1163640.709,1949531.171,42.01714971,-87.67317857,"(42.0171497110557, -87.6731785733257)"
"159","Lake View",6,"ARO",60657,2,1169778.211,1921699.272,41.94064621,-87.65140951,"(41.9406462132724, -87.6514095081283)"
"160","North Lawndale",29,"Multifamily",60608,31,1158521.517,1894293.849,41.86568173,-87.69353304,"(41.8656817278004, -87.6935330427604)"
"161","Near South Side",33,"Senior",60616,151,1176346.441,1889816.861,41.85301339,-87.62823221,"(41.8530133902049, -87.6282322110359)"
"162","Oakland",36,"Multifamily",60653,3,1184335.357,1877697.183,41.8195725,-87.59929085,"(41.8195724963981, -87.599290845931)"
"163","Logan Square",22,"ARO",60647,2,1158984.036,1915825.244,41.92475626,-87.69124357,"(41.9247562570513, -87.6912435686367)"
"164","West Town",24,"ARO",60622,2,1160270.739,1906410.572,41.89889515,-87.68677643,"(41.8988951503, -87.6867764252445)"
"165","Uptown",3,"Multifamily",60640,41,1166646.838,1931640.345,41.96799271,-87.66263241,"(41.967992712996, -87.662632408711)"
"166","East Garfield Park",27,"Multifamily",60612,143,1158623.238,1899872.888,41.88098907,-87.69300683,"(41.880989071675494, -87.69300683002724)"
"167","Near North Side",8,"ARO",60610,41,1174106.104,1907721.573,41.90219524,-87.63592092,"(41.9021952433121, -87.6359209163654)"
"168","Avondale",21,"Supportive Housing",60618,32,1151100.782,1920108.203,41.93666739,-87.72009772,"(41.936667386198, -87.7200977199175)"
"169","Portage Park",15,"ARO",60630,4,1140755.027,1931358.401,41.96773575,-87.75784248,"(41.9677357509555, -87.7578424774051)"
"170","Woodlawn",42,"Multifamily",60637,55,1182683.987,1863507.307,41.78067286,-87.60578926,"(41.7806728614192, -87.605789255575)"
"171","Grand Boulevard",38,"Senior",60653,24,1179612.436,1876628.605,41.81674964,-87.61664895,"(41.8167496438949, -87.6166489474972)"
"172","Near South Side",33,"Senior",60616,127,1178501.162,1887204.44,41.8457959,-87.62040337,"(41.8457959044222, -87.6204033747469)"
"173","Belmont Cragin",19,"Senior",60641,70,1143845.624,1918889.671,41.93346293,-87.74679225,"(41.9334629305796, -87.7467922468114)"
"174","Uptown",3,"ARO",60640,1,1168764.798,1929620.837,41.96240536,-87.65490367,"(41.9624053580997, -87.6549036656042)"
"175","Portage Park",15,"Senior",60641,98,1144211.767,1927249.554,41.95639632,-87.74523589,"(41.9563963215946, -87.7452358895033)"
"176","Lincoln Park",7,"Senior",60647,92,1161966.806,1918094.527,41.9309215,-87.68022005,"(41.93092150251976, -87.6802200458293)"
"177","Lower West Side",31,"Senior",60608,5,1170051.208,1890349.587,41.85461476,-87.65132209,"(41.8546147585411, -87.651322092184)"
"178","Englewood",68,"Senior",60621,140,1175681.092,1861260.691,41.77466762,-87.6315302,"(41.7746676246895, -87.6315301981577)"
"179","Edgewater",77,"Senior",60660,93,1168565.916,1938087.01,41.9856411,-87.65538854,"(41.9856410954285, -87.6553885441269)"
"180","Lincoln Square",4,"ARO",60625,2,1160316.674,1931793.44,41.96854643,-87.68590367,"(41.9685464338003, -87.6859036700814)"
"181","Lake View",6,"ARO",60657,4,1169303.308,1921391.341,41.93981159,-87.65316391,"(41.9398115920219, -87.6531639140428)"
"182","Hyde Park",41,"ARO",60615,2,1186745.04,1870451.785,41.7996338,-87.59068096,"(41.7996337978199, -87.5906809634112)"
"183","East Garfield Park",27,"ARO",60612,6,1157506.128,1898074.933,41.87607811,-87.69715773,"(41.8760781065366, -87.697157729784)"
"184","Douglas",35,"Multifamily",60653,36,1180285.065,1879269.849,41.823982,-87.6141005,"(41.82398200091408, -87.61410050373568)"
"185","Humboldt Park",23,"Multifamily",60647,6,1152581.854,1911572.616,41.91321582,-87.71488081,"(41.9132158158413, -87.7148808096933)"
"186","Near West Side",28,"ARO",60607,59,1170456.22,1900198.154,41.88163114,-87.6495476,"(41.8816311368659, -87.6495475984714)"
"187","Near West Side",28,"Multifamily",60612,84,1162403.567,1898857.889,41.87812559,-87.67915413,"(41.8781255904191, -87.6791541270768)"
"188","Logan Square",22,"ARO",60647,1,1160209.209,1912752.486,41.91629912,-87.68682686,"(41.9162991247465, -87.6868268599609)"
"189","Oakland",36,"Multifamily",60653,3,1184153.699,1877418.813,41.81881289,-87.59996595,"(41.8188128855705, -87.5999659460719)"
"190","North Lawndale",29,"Multifamily",60608,29,1158519.57,1894367.8,41.8658847,-87.69353817,"(41.8658846962216, -87.6935381672971)"
"191","Humboldt Park",23,"Disabled/Homeless",60651,13,1152439.724,1905064.22,41.89535898,-87.71557516,"(41.8953589752887, -87.7155751575776)"
"192","Logan Square",22,"ARO",60647,2,1159990.635,1912594.267,41.91586948,-87.68763427,"(41.9158694795437, -87.687634267083)"
"193","East Garfield Park",27,"Supportive Housing",60624,152,1154287.339,1900828.13,41.88369802,-87.7089025,"(41.8836980221101, -87.7089025001699)"
"194","Oakland",36,"Multifamily",60653,3,1184422.552,1877469.629,41.81894603,-87.59897812,"(41.818946027635, -87.5989781156333)"
"195","Humboldt Park",23,"Multifamily",60651,18,1154584.663,1907840.061,41.90293349,-87.70762292,"(41.902933489753, -87.7076229237995)"
"196","North Center",5,"Multifamily",60647,91,1162519.715,1918635.418,41.93239416,-87.67817303,"(41.9323941640369, -87.6781730308775)"
"197","Near North Side",8,"SRO",60610,148,1175171.338,1908308.392,41.90378167,-87.63199057,"(41.9037816711229, -87.6319905715935)"
"198","Near West Side",28,"Mutifamily",60607,160,1167380.111,1894854.611,41.86703473,-87.66099661,"(41.867034733075485, -87.66099661076092)"
"199","Belmont Cragin",19,"Senior",60639,98,1138952.214,1918027.352,41.93118709,-87.76479651,"(41.93118709471326, -87.76479650741335)"
"200","Near West Side",28,"Multifamily",60612,15,1162359.526,1900563.445,41.8828067,-87.67926811,"(41.8828067021833, -87.6792681084205)"
"201","Humboldt Park",23,"Multifamily",60624,6,1154639.548,1903911.993,41.89215341,-87.70752657,"(41.8921534052465, -87.7075265659001)"
"202","Grand Boulevard",38,"Multifamily",60653,180,1179658.647,1877532.342,41.81922851,-87.61645178,"(41.8192285127139, -87.6164517752946)"
"203","North Lawndale",29,"Multifamily",60808,5,1158459.37,1894563.613,41.86642326,-87.69375381,"(41.8664232575349, -87.6937538097267)"
"204","Near West Side",28,"ARO",60607,74,1168897.246,1902445.508,41.88783198,-87.65520686,"(41.88783197779841, -87.6552068561226)"
"205","Belmont Cragin",19,"Senior",60639,17,1142340.781,1912865.659,41.91696054,-87.75247249,"(41.9169605419799, -87.7524724893612)"
"206","West Elsdon",62,"Multifamily",60632,78,1152916.272,1870602.659,41.80078286,-87.71473662,"(41.8007828624241, -87.7147366176902)"
"207","Near West Side",28,"ARO",60607,22,1169068.963,1901424.241,41.88502582,-87.65460592,"(41.88502582436289, -87.65460592239103)"
"208","North Lawndale",29,"Supportive Housing",60624,58,1151446.075,1895529.682,41.86921476,-87.71947509,"(41.8692147569018, -87.7194750916543)"
"209","Near West Side",28,"ARO",60607,52,1166237.82,1899601.722,41.88008567,-87.66505442,"(41.8800856665928, -87.6650544156673)"
"210","North Lawndale",29,"Multifamily",60612,48,1156574.009,1894894.51,41.86736961,-87.70066623,"(41.8673696100651, -87.7006662254259)"
"211","Albany Park",14,"Senior",60618,80,1156898.514,1929148.461,41.96135865,-87.69854417,"(41.9613586524698, -87.6985441743698)"
"212","Near North Side",8,"Multifamily",60622,52,1173039.746,1908293.946,41.90378958,-87.63982077,"(41.9037895846684, -87.639820773757)"
"213","Logan Square",22,"Multifamily",60647,2,1160606.222,1912516.637,41.91564372,-87.6853748,"(41.9156437180312, -87.6853747958015)"
"214","Humboldt Park",23,"Multifamily",60624,6,1154724.086,1904442.811,41.89360833,-87.70720187,"(41.8936083276263, -87.707201866607)"
"215","Hyde Park",41,"ARO",60615,27,1185905.32,1870431.452,41.79959787,-87.59376104,"(41.7995978693895, -87.5937610368807)"
"216","Washington Park",40,"Multifamily",60637,27,1179047.074,1864591.098,41.78373056,-87.61908972,"(41.7837305569286, -87.6190897249257)"
"217","Grand Boulevard",38,"Supportive Housing",60615,96,1178406.437,1871882.896,41.80375452,-87.62121706,"(41.8037545211771, -87.6212170565254)"
"218","Humboldt Park",23,"Senior",60647,72,1149678.042,1910302.339,41.90978701,-87.72558192,"(41.9097870142627, -87.7255819184016)"
"219","North Center",5,"Senior",60618,60,1160064.901,1926543.181,41.95414467,-87.68697505,"(41.9541446663226, -87.6869750498606)"
"220","Uptown",3,"ARO",60640,2,1164465.118,1930651.529,41.96532595,-87.67068252,"(41.9653259479463, -87.6706825225852)"
"221","Uptown",3,"Supportive Housing",60640,38,1168715.467,1931350.065,41.96715149,-87.65503471,"(41.967151487077, -87.6550347050185)"
"222","North Lawndale",29,"Multifamily",60623,2,1155952.715,1890430.854,41.8551334,-87.7030674,"(41.8551333960945, -87.7030673956673)"
"223","Near North Side",8,"ARO",60610,32,1174546.412,1905796.728,41.89690353,-87.63436122,"(41.8969035333416, -87.6343612178957)"
"224","Washington Heights",73,"Senior",60620,60,1168602.534,1845525.798,41.73164453,-87.65793186,"(41.7316445313381, -87.6579318552234)"
"225","Logan Square",22,"Multifamily",60647,30,1151016.257,1912402.357,41.91552353,-87.72061073,"(41.9155235348496, -87.7206107279615)"
"226","Near West Side",28,"Supportive",60661,61,1171177.974,1901637.395,41.8855647,-87.64685508,"(41.8855647009563, -87.6468550832448)"
"227","Jefferson Park",11,"Senior",60630,73,1136226.971,1935211.185,41.97839039,-87.77439957,"(41.9783903918479, -87.7743995653441)"
"228","Humboldt Park",23,"Multifamily",60624,12,1152910.964,1903460.212,41.8909481,-87.71388693,"(41.8909480951075, -87.7138869272678)"
"229","Lincoln Square",4,"ARO",60640,15,1163292.382,1933204.703,41.97235677,-87.67492225,"(41.9723567700552, -87.6749222533142)"
"230","East Garfield Park",27,"Multifamily",60612,123,1156993.694,1897269.114,41.87387727,-87.69906108,"(41.87387726552858, -87.69906107872393)"
"231","Humboldt Park",23,"Multifamily",60624,6,1155445.176,1903206.5,41.8902013,-87.70458681,"(41.8902013034932, -87.7045868112095)"
"232","Humboldt Park",23,"Multifamily",60624,6,1155507.651,1903207.947,41.89020402,-87.70435734,"(41.8902040169903, -87.7043573374365)"
"233","Humboldt Park",23,"Multifamily",60639,48,1149146.636,1911465.939,41.91299036,-87.72750391,"(41.9129903622841, -87.727503905539)"
"234","South Shore",43,"Senior",60649,55,1193073.323,1860960.163,41.77343579,-87.56778382,"(41.7734357917325, -87.5677838210307)"
"235","Washington Park",40,"Senior HUD 202",60637,53,1178070.443,1867951.677,41.79297452,-87.62256852,"(41.7929745218958, -87.6225685185263)"
"236","Avondale",21,"Multifamily",60647,25,1153078.89,1918447.998,41.93207259,-87.71287204,""
"237","North Lawndale",29,"Multifamily",60623,11,1155600.26,1893326.92,41.86308761,-87.70428319,"(41.8630876114313, -87.7042831894435)"
"238","Douglas",35,"Multifamily",60609,80,1176967.12,1879322.168,41.82420114,-87.62627123,"(41.8242011420775, -87.6262712265229)"
"239","Humboldt Park",23,"Multifamily",60612,15,1154967.75,1904040.977,41.89250077,-87.70631776,"(41.89250077360275, -87.70631775512356)"
"240","West Garfield Park",26,"Senior",60624,181,1150182.64,1900168.643,41.88196929,-87.72399261,"(41.8819692863711, -87.7239926128235)"
"241","Grand Boulevard",38,"Multifamily",60615,7,1181425.624,1871964.801,41.8039101,-87.61014176,"(41.8039101011155, -87.6101417642929)"
"242","Lake View",6,"ARO",60613,1,1169246.126,1926706.623,41.95439818,-87.65321906,"(41.9543981834222, -87.6532190636427)"
"243","Oakland",36,"Multifamily",60653,3,1184548.967,1877442.503,41.81886863,-87.59851524,"(41.8188686278145, -87.598515237893)"
"244","Douglas",35,"Multifamily",60609,54,1176805.951,1881719.108,41.83078218,-87.62679018,"(41.8307821805741, -87.6267901762196)"
"245","Montclare",18,"ARO",60707,3,1131884.372,1917931.507,41.93104976,-87.79077219,"(41.9310497553307, -87.7907721868365)"
"246","Logan Square",22,"ARO",60647,10,1156843.581,1915231.888,41.92317175,-87.69912469,"(41.9231717544125, -87.6991246890431)"
"247","Washington Park",40,"Multifamily",60637,54,1178315.994,1865303.085,41.78570095,-87.6217485,"(41.7857009548336, -87.6217485015409)"
"248","Avondale",21,"ARO",60641,1,1147628.496,1920859.764,41.93879718,-87.73283956,"(41.93879718099848, -87.7328395635794)"
"249","Hunboldt Paek",23,"Multifamily",60612,43,1155567.271,1904540.247,41.89385878,-87.7041025,"(41.89385877539872, -87.70410250285862)"
"250","Near South Side",33,"ARO",60616,10,1177122.36751399,1890143.36687697,41.8538918245058,-87.6253744575475,"(41.8538918245058, -87.6253744575475)"
"251","Woodlawn",42,"Multifamily",60637,12,1182659.118,1864701.714,41.783951,-87.60584338,"(41.7839509995196, -87.6058433793708)"
"252","Near West Side",28,"ARO",60607,6,1169147.739,1901468.29,41.88514499,-87.65431537,"(41.8851449893521, -87.6543153671727)"
"253","Uptown",3,"ARO",60640,8,1167968.379,1931816.995,41.96844895,-87.6577681,"(41.96844895460098, -87.65776810408943)"
"254","West Town",24,"Multifamily",60647,18,1158163.07,1910570.521,41.91035372,-87.69440401,"(41.9103537220529, -87.6944040130463)"
"255","Austin",25,"Multifamily",60644,161,1141766.818,1897120.686,41.87376512,-87.7549712,"(41.8737651210059, -87.7549712034404)"
"256","Grand Boulevard",38,"Multifamily",60614,107,1177483.246,1873312.722,41.80769903,-87.62455959,"(41.8076990345395, -87.6245595888703)"
"257","Washington Park",40,"Senior",60615,35,1179447.49,1869994.898,41.79854996,-87.61745669,"(41.7985499558127, -87.6174566934006)"
"258","Near West Side",28,"ARO",60607,7,1170486.026,1899238.856,41.8789981,-87.64946622,"(41.8789981048164, -87.6494662212002)"
"259","Lower West Side",31,"Multifamily",60608,3,1167051.022,1890476.213,41.8550271,-87.66233036,"(41.8550270973189, -87.6623303609038)"
"260","West Town",24,"Multifamily",60647,30,1158184.401,1910570.961,41.91035449,-87.69432564,"(41.9103544922391, -87.6943256396865)"
"261","Near North Side",8,"Multifamily",60622,94,1172865.271,1908241.237,41.90364882,-87.64046322,"(41.9036488171287, -87.6404632192771)"
"262","West Town",24,"ARO",60622,10,1165376.188,1908029.505,41.9032305,-87.66797825,"(41.903230501389, -87.6679782480489)"
"263","Englewood",68,"Supportive Housing",60621,167,1174002.16,1863521.643,41.78090936,-87.63761782,"(41.7809093635647, -87.6376178170027)"
"264","Humboldt Park",23,"Supportive/Veterans",60612,50,1155690.801,1903132.153,41.88999235,-87.70368677,"(41.8899923467274, -87.7036867658502)"
"265","Douglas",35,"Multifamily",60609,12,1176929.888,1880943.186,41.82865019,-87.62635888,"(41.8286501893194, -87.6263588793837)"
"266","North Lawndale",29,"Senior",60623,126,1150987.19,1889144.749,41.85170274,-87.72132688,"(41.8517027367806, -87.7213268803416)"
"267","Lincoln Park",7,"ARO",60614,1,1166685.433,1913998.316,41.91958133,-87.66299779,"(41.9195813280804, -87.6629977907605)"
"268","Near South Side",33,"Supportive Housing",60616,96,1177086.698,1891564.72,41.85779292,-87.62546237,"(41.857792921043, -87.6254623688353)"
"269","Near South Side",33,"Multifamily",60616,170,1176604.642,1890373.503,41.85453503,-87.62726774,"(41.8545350329649, -87.6272677388027)"
"270","West Town",24,"ARO",60642,2,1166436.78,1905072.949,41.89509487,-87.6641672,"(41.8950948696761, -87.664167197744)"
"271","North Lawndale",29,"Multifamily",60608,31,1158279.052,1893857.022,41.86448798,-87.69443508,"(41.8644879835666, -87.6944350831822)"
"272","West Town",24,"Multifamily",60622,59,1157605.979,1907820.481,41.90281875,-87.69652556,"(41.9028187509983, -87.6965255553721)"
"273","Chicago Lawn",66,"Senior",60629,86,1159807.028,1862817.69,41.77928099,-87.68967949,"(41.779280990198, -87.689679486435)"
"274","Near North Side",8,"SRO/Supportive",60610,96,1172776.621,1908546.231,41.9044877,-87.6407798,"(41.90448770178859, -87.64077980359421)"
"275","North Lawndale",29,"Senior",60624,104,1153440.124,1894532.775,41.86643977,-87.71218086,"(41.8664397712922, -87.7121808603313)"
"276","Rogers Park",1,"Multifamily",60626,57,1167067.259,1942855.196,41.99875752,-87.66076276,"(41.99875752497431, -87.66076275537927)"
"277","Chatham",44,"Senior",60619,90,1182964.716,1850099.444,41.74387382,-87.60517616,"(41.7438738210116, -87.6051761605565)"
"278","New City",61,"Multifamily",60609,10,1165081.4,1874156.261,41.81028546,-87.67002227,"(41.8102854562714, -87.6700222696602)"
"279","North Lawndale",29,"Multifamily",60608,17,1158291.047,1893459.955,41.86339815,-87.69440189,"(41.8633981467105, -87.6944018944973)"
"280","Near North Side",8,"Multfamily",60622,12,1172709.408,1907999.787,41.90298972,-87.64104289,"(41.9029897210002, -87.6410428924515)"
"281","Grand Boulevard",38,"Multifamily",60653,71,1177923.904,1876177.553,41.8155504,-87.62285652,"(41.815550396096, -87.6228565224104)"
"282","Edgewater",77,"Senior",60660,198,1168181.124,1937918.4,41.98518678,-87.65680868,"(41.9851867755403, -87.656808676983)"
"283","Grand Boulevard",38,"Multifamily",60615,67,1180363.274,1872953.096,41.80664653,-87.61400757,"(41.80664652807751, -87.61400757005497)"
"284","Woodlawn",42,"Multifamily",60637,18,1183642.029,1861850.344,41.77610371,-87.60232857,"(41.7761037074244, -87.6023285745515)"
"285","Humboldt Park",23,"Multifamily",60647,80,1152271.525,1910359.241,41.90989234,-87.71605298,"(41.9098923381712, -87.7160529794187)"
"286","Logan Square",22,"ARO",60647,4,1159903.525,1913009.701,41.91701126,-87.68794282,"(41.917011260975, -87.6879428188384)"
"287","West Town",24,"ARO",60654,1,1171305.699,1903732.364,41.89131063,-87.64632446,"(41.8913106255178, -87.646324463052)"
"288","Logan Square",22,"Multfamily",60647,3,1153800.449,1912395.375,41.91544934,-87.71038198,"(41.9154493391046, -87.7103819818634)"
"289","Auburn Gresham",71,"Senior",60620,85,1170460.901,1852465.795,41.75064862,-87.65092232,"(41.7506486193345, -87.6509223206213)"
"290","Austin",25,"Senior",60644,84,1137686.377,1901819.131,41.88673275,-87.76983958,"(41.8867327472372, -87.7698395846828)"
"291","Lincoln Square",4,"ARO",60625,3,1159838.051,1932783.705,41.97127368,-87.6876361,"(41.971273678097695, -87.6876361045426)"
"292","Washington Heights",73,"Senior",60643,82,1172263.727,1836577.477,41.70700943,-87.64478166,"(41.7070094273739, -87.6447816603137)"
"293","Humboldt Park",23,"Multifamily",60612,5,1155294.387,1904337.577,41.89330812,-87.70511017,"(41.89330811630709, -87.70511016740511)"
"294","Hyde Park",41,"ARO",60615,36,1187193.908,1871412.921,41.80226057,-87.58900435,"(41.8022605698632, -87.5890043475713)"
"295","Logan Square",22,"Multifamily",60647,41,1159484.845,1913450.552,41.91822962,-87.68946889,"(41.9182296230738, -87.6894688873142)"
"296","Montclare",18,"ARO",60707,5,1127615.033,1918797.886,41.93350027,-87.80644193,"(41.9335002731173, -87.8064419298412)"
"297","West Town",24,"Supportive Housing",60622,102,1162934.319,1910028.946,41.90876874,-87.67689152,"(41.9087687358883, -87.6768915181969)"
"298","Lower West Side",31,"Multifamily",60608,52,1170238.806,1890555.169,41.8551748,-87.65062753,"(41.8551748018435, -87.6506275348033)"
"299","Lower West Side",31,"Multifamily",60608,45,1163154.261,1891768.78,41.8586567,-87.67659689,"(41.8586566959184, -87.6765968933512)"
"300","North Center",5,"ARO",60613,2,1162826.371,1926537.708,41.95407205,-87.67682369,"(41.95407204874, -87.6768236930826)"
"301","Uptown",3,"ARO",60640,22,1169980.753,1929712.369,41.96263002,-87.65043043,"(41.9626300189614, -87.6504304289638)"
"302","Logan Square",22,"Multifamily",60647,100,1154423.212,1917862.748,41.93043982,-87.70794751,"(41.93043982134092, -87.7079475066222)"
"303","Logan Square",22,"ARO",60647,8,1159374.119,1913163.369,41.91744385,-87.68988362,"(41.9174438522713, -87.6898836190418)"
"304","East Garfield Park",27,"Multifamily",60624,66,1151407.461,1896705.24,41.87244138,-87.71958599,"(41.8724413775792, -87.7195859944955)"
"305","West Town",24,"Multifamily",60622,24,1158786.704,1908791.071,41.905458,-87.69216188,"(41.9054579980481, -87.6921618816492)"
"306","Hegewisch",55,"Senior",60633,116,1201038.059,1815487.733,41.64845741,-87.54012317,"(41.648457411436, -87.5401231660406)"
"307","Near West Side",28,"ARO",60607,NA,1169060.056,1901751.478,41.8859239807563,-87.6546291266298,""
"308","Washington Park",40,"Senior",60637,34,1178260.931,1864074.92,41.782332,-87.62198764,"(41.7823319979281, -87.6219876398255)"
"309","North Lawndale",29,"Multifamily",60608,7,1158194.723,1894001.251,41.86488549,-87.69474071,"(41.8648854853042, -87.6947407139381)"
"310","West Town",24,"Multifamily",60647,52,1156239.113,1911419.569,41.91272269,-87.70144893,"(41.9127226903358, -87.7014489336157)"
"311","North Lawndale",29,"Multifamily",60613,170,1151024.342,1899855.056,41.88109233,-87.72091009,"(41.8810923305496, -87.7209100899284)"
"312","West Town",24,"ARO",60622,6,1165423.812,1908434.931,41.904342,-87.66779176,"(41.9043420043763, -87.6677917610079)"
"313","West Town",24,"ARO",60622,2,1164947.334,1910121.237,41.90897948,-87.66949405,"(41.9089794761552, -87.6694940511534)"
"314","Edgewater",77,"ARO",60660,3,1164726.018,1940637.401,41.99272198,-87.66943869,"(41.9927219787073, -87.6694386889022)"
"315","West Town",24,"Multifamily",60622,23,1158113.714,1909378.978,41.90708504,-87.69461792,"(41.9070850396306, -87.6946179241723)"
"316","Kenwood",39,"Multifamily",60653,155,1182801.325,1873991.948,41.80944088,-87.60503342,"(41.8094408764944, -87.6050334227459)"
"317","Lower West Side",31,"Multifamily",60608,45,1168646.297,1890365.991,41.85469028,-87.65647821,"(41.8546902787307, -87.6564782084317)"
"318","Near North Side",8,"Supportive",60610,80,1174812.446,1910422.213,41.90959014,-87.63324548,"(41.9095901426841, -87.6332454838348)"
"319","Humboldt Park",23,"Multifamily",60624,6,1154625.793,1904362.102,41.89338882,-87.70756503,"(41.8933888222173, -87.7075650280001)"
"320","Lower West Side",31,"ARO",60608,1,1166927.96,1890745.516,41.85576873,-87.66277433,"(41.8557687250324, -87.6627743294071)"
"321","Humboldt Park",23,"Multifamily",60624,3,1155237.316,1903580.685,41.89123228,-87.70534012,"(41.891232279869, -87.7053401173226)"
"322","Washington Park",40,"Multifamily",60637,14,1178697.322,1864156.91,41.78254707,-87.62038523,"(41.7825470680121, -87.6203852293449)"
"323","North Center",5,"ARO",60618,5,1159529.243,1928114.259,41.95846686,-87.68890077,"(41.9584668605244, -87.6889007679548)"
"324","North Lawndale",29,"Multifamily",60608,4,1158622.398,1894325.458,41.8657664,-87.69316184,"(41.8657664015576, -87.6931618351705)"
"325","Humboldt Park",23,"Supportive Housing",60612,84,1154880.603,1904286.639,41.89317664,-87.70663122,"(41.8931766424929, -87.7066312185286)"
"326","Humboldt Park",23,"Multifamily",60624,6,1155134.693,1903119.26,41.88996815,-87.7057294,"(41.8899681469222, -87.7057293959162)"
"327","Austin",25,"Senior",60644,60,1138118.684,1899770.53,41.88110332,-87.76830155,"(41.88110332024519, -87.76830154714395)"
"328","Douglas",35,"Multifamily",60609,36,1176708.767,1881091.479,41.82906211,-87.62716568,"(41.8290621082689, -87.62716567775)"
"329","Near West Side",28,"ARO",60607,28,1169706.814,1901381.768,41.88489541,-87.65226488,"(41.884895408116236, -87.65226488412628)"
"330","Montclare",18,"ARO",60707,2,1127689.873,1916489.615,41.92716483,-87.80621904,"(41.9271648255127, -87.8062190443279)"
"331","Near West Side",28,"ARO",60612,8,1160797.436,1899442.076,41.87976209,-87.68503527,"(41.87976209246967, -87.68503526602909)"
"332","Lake View",6,"Senior",60657,173,1172519.373,1919370.307,41.93419517,-87.64140394,"(41.934195165791614, -87.64140393808746)"
"333","Humboldt Park",23,"Multifamily",60612,8,1155553.014,1904238.945,41.89303226,-87.70416298,"(41.8930322620299, -87.70416297611808)"
"334","Hyde Park",41,"Multifamily",60615,36,1187148.234,1870068.251,41.79857178,-87.58921454,"(41.7985717840676, -87.5892145402274)"
"335","East Garfield Park",27,"Multifamily",60624,200,1153978.229,1900741.035,41.88346519,-87.71003991,"(41.8834651917068, -87.7100399090678)"
"336","Edison Park",9,"ARO",60631,1,1126979.17237347,1942152.379,41.99759826,-87.80825276,"(41.9975982587448, -87.8082527576838)"
"337","Austin",25,"Supportive/Teenage Moms",60651,40,1140544.652,1904774.781,41.89479143,-87.75927048,"(41.8947914313504, -87.7592704827665)"
"338","Washington Park",40,"Multifamily",60653,31,1178307.697,1863372.599,41.78040369,-87.62183749,"(41.7804036945444, -87.6218374891699)"
"339","West Town",24,"ARO",60642,39,1169262.136,1905082.493,41.89506012,-87.65379018,"(41.8950601208968, -87.6537901783628)"
"340","North Lawndale",29,"Multifamily",60623,32,1151511.158,1893415.133,41.86341092,-87.71929168,"(41.8634109155574, -87.7192916813529)"
"341","Humboldt Park",23,"Senior",60624,88,1151632.751,1904458.203,41.89371191,-87.71855494,"(41.89371190813259, -87.71855493962825)"
"342","Near North Side",8,"Multifamily",60610,111,1172196.032,1907097.533,41.90052524,-87.64295528,"(41.9005252379124, -87.6429552752714)"
"343","Lake View",6,"ARO",60657,5,1165082.52,1922885.515,41.94400253,-87.6686339517247,"(41.94400253058712, -87.66863395172477)"
"344","Rogers Park",1,"Inter-generational",60626,54,1166011.629,1948540.312,42.01438027,-87.66448269,"(42.01438027189406, -87.6644826893636)"
"345","Near North Side",8,"ARO",60610,7,1171685.562,1910861.926,41.9108662,-87.64471925,"(41.9108661963254, -87.644719245073)"
"346","Bridgeport",60,"Senior",60608,85,1171468.409,1886029.528,41.84272915,-87.64624727,"(41.8427291511758, -87.6462472700624)"
"347","Lower West Side",31,"Multifamily",60608,72,1165119.373,1891824.739,41.85876878,-87.66938208,"(41.8587687803028, -87.6693820787239)"
"348","Woodlawn",42,"Multifamily",60637,15,1182961.608,1862758.255,41.77861094,-87.60479472,"(41.7786109443603, -87.6047947202511)"
"349","West Englewood",67,"Senior",60636,89,1167632.786,1859022.548,41.76870231,-87.66109812,"(41.768702314065365, -87.66109812190477)"
"350","Logan Square",22,"ARO",60647,22,1155727.042,1916381.376,41.92634863,-87.70319622,"(41.9263486263737, -87.7031962197989)"
"351","West Town",24,"Multifamily",60622,61,1159482.293,1907856.105,41.90287808,-87.68963252,"(41.9028780789855, -87.6896325218596)"
"352","Near West Side",28,"Senior",60612,62,1165323.057,1900716.695,41.88316474,-87.66838158,"(41.8831647382271, -87.6683815808488)"
"353","Loop",32,"ARO",60601,7,1177210.923,1902164.231,41.8868758,-87.62468519,"(41.88687579539163, -87.62468518670747)"
"354","Hunboldt Paek",23,"Multifamily",60639,62,1147575.749,1910329.902,41.90990327,-87.73330423,"(41.90990326796351, -87.7333042287006)"
"355","Logan Square",22,"Multifamily",60647,3,1152116.497,1914427.113,41.921058,-87.71651501,"(41.9210580042957, -87.7165150148412)"
"356","Rogers Park",1,"Senior",60626,57,1166287.128,1948743.442,42.01493175,-87.66346312,"(42.01493175019485, -87.66346311838282)"
"357","Oakland",36,"Multifamily",60653,112,1184161.776,1877771.789,41.81978129,-87.59992527,"(41.8197812877923, -87.5999252672656)"
"358","Chicago Lawn",66,"Senior",60629,102,1155938.092,1862375.031,41.77814486,-87.70387541,"(41.7781448625534, -87.7038754099471)"
"359","North Park",13,"Senior",60646,63,1148723.501,1938044.237,41.98593151,-87.72836921,"(41.9859315141827, -87.7283692100341)"
"360","Humboldt Park",23,"Multifamily",60624,6,1152991.429,1903446.155,41.89090793,-87.71359179,"(41.8909079268645, -87.7135917922844)"
"361","Humboldt Park",23,"ARO",60651,4,1151819.504,1905716.18576809,41.89716026,-87.7178359099359,""
"362","Englewood",68,"Supportive Housing",60621,99,1171893.839,1867410.662,41.79162782,-87.64523321,"(41.791627817593, -87.6452332086618)"
"363","Greater Grand Crossing",69,"Multifamily",60621,24,1176891.268,1858664.434,41.76751603,-87.62717205,"(41.7675160251626, -87.6271720534562)"
"364","North Lawndale",29,"Multifamily",60623,11,1150056.063,1890463.503,41.85533972,-87.72471008,"(41.8553397217037, -87.7247100762886)"
"365","Roseland",50,"Senior",60628,60,1178428.442,1830343.03,41.68976374,-87.62239508,"(41.6897637422461, -87.6223950848936)"
"366","Washington Park",40,"Multifamily",60653,230,1178170.371,1867225.804,41.79098039,-87.62222411,"(41.7909803898446, -87.6222241137332)"
"367","Humboldt Park",23,"Multifamily",60624,6,1154224.542,1903987.92,41.89237005,-87.70904868,"(41.8923700513216, -87.7090486845158)"
"368","Uptown",3,"ARO",60640,4,1163544.414,1931973.688,41.9689735,-87.67403032,"(41.968973497819, -87.6740303235896)"
"369","Lower West Side",31,"Multifamily",60608,4,1170049.336,1890417.784,41.85480194,-87.65132697,"(41.8548019389231, -87.6513269744307)"
"370","Lincoln Square",4,"ARO",60640,6,1162932.097,1931943.503,41.96890358,-87.67628265,"(41.968903575201, -87.6762826511204)"
"371","Rogers Park",1,"Senior",60626,436,1167087.151,1942658.705,41.99821792,-87.66069526,"(41.99821792053241, -87.6606952555721)"
"372","Lower West Side",31,"Multifamily",60608,5,1162389.313,1890761.089,41.85590751,-87.67943292,"(41.8559075140985, -87.6794329233162)"
"373","Woodlawn",42,"Multifamily",60637,33,1186141.366,1862376.561,41.77748903,-87.59314971,"(41.7774890263916, -87.5931497136386)"
"374","Grand Boulevard",38,"Senior",60653,97,1180219.199,1877957.214,41.82038154,-87.61438244,"(41.8203815434508, -87.6143824353862)"
"375","Belmont Cragin",19,"Senior",60639,86,1135526.174,1914216.383,41.92079101,-87.77747755,"(41.9207910104657, -87.7774775507649)"
"376","Logan Square",22,"Multifamily",60647,54,1154841.949,1914634.492,41.92157284,-87.70649546,"(41.92157283868392, -87.706495460099)"
"377","Englewood",68,"Senior",60621,34,1171120.288,1862217.205,41.77739333,-87.6482214,"(41.7773933301775, -87.6482214015885)"
"378","Chicago Lawn",66,"Senior",60629,93,1160293.922,1855122.446,41.75815411,-87.68810611,"(41.7581541131331, -87.6881061074696)"
"379","Douglas",35,"ARO",60616,2,1178081.304,1884060.021,41.83717695,-87.62203977,"(41.8371769457261, -87.6220397684404)"
"380","Logan Square",22,"ARO",60647,6,1157757.47,1913119.953,41.91735785,-87.69582442,"(41.9173578458663, -87.6958244220098)"
"381","Portage Park",15,"ARO",60641,6,1143972.7382615,1926210.27797847,41.9535489566804,-87.7461408109366,"(41.9535489566804, -87.7461408109366)"
"382","West Town",24,"ARO",60622,3,1164277.935,1903488.048,41.89079171,-87.67214091,"41 89079170832129"
"383","Lower West Side",31,"Multifamily",60608,63,1168646.297,1890365.991,41.85469028,-87.65647821,"(41.8546902787307, -87.6564782084317)"
"384","North Lawndale",29,"Multifamily",60608,17,1158736.897,1894328.04,41.86577114,-87.69274143,"(41.8657711435233, -87.6927414310716)"
"385","East Garfield Park",27,"Senior",60612,113,1157640.848,1901927.155,41.88664623,-87.69655814,"(41.8866462302992, -87.6965581360089)"
"386","Oakland",36,"Multifamily",60653,6,1184313.13,1877335.236,41.81857981,-87.59938372,"(41.818579809058, -87.5993837218511)"
"387","Grand Boulevard",38,"Multifamily",60653,118,1178573.52,1877831.629,41.82007455,-87.6204233,"(41.8200745540387, -87.6204232972122)"
"388","West Town",24,"ARO",60647,1,1160139.57,1911270.612,41.91223419,-87.68712373,"(41.9122341944022, -87.6871237293732)"
"389","Auburn Gresham",71,"Supportive/Veterans",60620,54,1169700.307,1850714.778,41.74586011,-87.65376017,"(41.7458601099296, -87.6537601722189)"
"390","Grand Boulevard",38,"Multifamily",60653,116,1181829.598,1877677.36,41.81957647,-87.60848349,"(41.8195764741456, -87.6084834879147)"
"391","Riverdale",54,"Multifamily",60627,258,1180750.042,1817671.924,41.65493945,-87.61428283,"(41.65493944937772, -87.61428282625099)"
"392","Near West Side",28,"ARO",60612,52,1163617.903,1897486.317,41.87433639,-87.67473402,"(41.8743363936548, -87.6747340163993)"
"393","Washington Park",40,"Multifamily",60637,65,1178184.05,1866708.816,41.78956141,-87.62218963,"(41.7895614136691, -87.6221896343024)"
"394","Edgewater",77,"ARO",60660,16,1164592.267,1937879.014,41.98515573,-87.67000926,"(41.9851557257468, -87.6700092589944)"
"395","North Lawndale",29,"Multifamily",60608,1,1158196.48,1893944.253,41.86472904,-87.69473582,"(41.8647290397995, -87.6947358194861)"
"396","Lake View",6,"ARO",60613,8,1169013.814,1926369.564,41.95347834,-87.65408289,"(41.95347833510141, -87.65408288861626)"
"397","West Ridge",2,"Senior",60659,99,1153825.547,1940243.379,41.99186565,-87.70954508,"(41.9918656495183, -87.7095450826125)"
"398","Logan Square",22,"Multifamily",60647,100,1154370.985,1913144.88,41.91749465,-87.70826581,"(41.9174946519018, -87.7082658078456)"
"399","Lincoln Square",4,"ARO",60625,6,1160933.556,1931890.653,41.96880038,-87.68363271,"(41.9688003768019, -87.6836327092268)"
"400","Oakland",36,"Multifamily",60653,3,1184320.237,1877174.699,41.81813912,-87.59936268,"(41.8181391196842, -87.5993626833323)"
"401","Near West Side",28,"ARO",66007,5,1168864.113,1898292.938,41.87643774,-87.65544899,"(41.8764377440362, -87.6554489851593)"
"402","Near West Side",28,"Multifamily",60607,29,1167384.336,1895738.411,41.86945986,-87.66095569,"(41.869459860474, -87.6609556887118)"
"403","Auburn Gresham",71,"Senior HUD 202",60620,80,1169422.93,1852437.468,41.75059341,-87.65472675,"(41.7505934139213, -87.6547267546359)"
"404","Edgewater",77,"Multifamily",60660,105,1167941.813,1937401.257,41.9837729,-87.65770384,"(41.9837729036918, -87.6577038394096)"
"405","New City",61,"Senior",60609,110,1171337.269,1868414.146,41.7943937,-87.64724467,"(41.7943936951386, -87.6472446716785)"
"406","Englewood",68,"Veterans",60621,36,1171608.816,1865691.133,41.78691549,-87.64632871,"(41.786915494505976, -87.64632871262232)"
"407","Chatham",44,"Supportive Housing",60619,72,1184284.153,1850796.894,41.74575696,-87.60031991,"(41.7457569580527, -87.6003199106909)"
"408","Logan Square",22,"Multifamily",60647,3,1154255.08,1912027.168,41.91442987,-87.70872156,"(41.9144298729108, -87.7087215553095)"
"409","Near South Side",33,"SRO",60605,207,1177054.325,1892851.446,41.86132451,-87.62554226,"(41.86132451284019, -87.62554225942642)"
"410","West Town",24,"ARO",60622,6,1164833.069,1908092.562,41.90341508,-87.66997144,"(41.9034150774464, -87.6699714414076)"
"411","Oakland",36,"Senior",60653,148,1181955.52,1880134.932,41.82631731,-87.60794545,"(41.8263173139507, -87.6079454471381)"
"412","Uptown",3,"Multifamily",60640,69,1169619.113,1931130.186,41.96652845,-87.65171856,"(41.9665284532214, -87.6517185639434)"
"413","Near West Side",28,"ARO",60607,33,1168192.563,1898815.541,41.87788633,-87.65789958,"(41.8778863348772, -87.6578995834111)"
"414","Near North Side",8,"ARO",60622,24,1171812.25,1908210.388,41.90358744,-87.64433208,"(41.9035874397858, -87.6443320835899)"
"415","Austin",25,"Supportive Housing",60644,39,1137091.152,1900686.673,41.88363584,-87.77205264,"(41.88363584043627, -87.77205264211287)"
"416","Near West Side",28,"Multifamily",60612,92,1161390.347,1900920.966,41.88380799,-87.68281702,"(41.8838079875001, -87.6828170157199)"
"417","Douglas",35,"Multifamily",60653,81,1178156.714,1880953.421,41.82865048,-87.62185747,"(41.82865048399134, -87.62185747240224)"
"418","Logan Square",22,"Multifamily",60647,3,1154721.064,1911891.217,41.91404749,-87.70701324,"(41.9140474872389, -87.7070132389676)"
"419","Kenwood",29,"Multifamily",60615,122,1184333.98,1874034.569,41.80952205,-87.59941065,"(41.80952205256069, -87.59941064804501)"
"420","Near West Side",28,"Supportive",60607,89,1165979.3,1900396.393,41.88227183,-87.66598098,"(41.8822718276684, -87.6659809766924)"
"421","Humboldt Park",23,"Supportive Housing",60647,25,1152358.007,1910361.089,41.9098957,-87.71573523,"(41.9098957006716, -87.7157352286005)"
"422","Near West Side",28,"ARO",60607,16,1169278.088,1898384.787,41.8766808,-87.65392634,"(41.876680801678525, -87.65392634483864)"
"423","Near  South Side",33,"Senior",60605,91,1177467.191,1894587.503,41.86607901,-87.62397407,"(41.86607901435018, -87.62397407028845)"
"424","North Park",13,"Senior",60646,137,1148723.501,1938044.237,41.98593151,-87.72836921,"(41.9859315141827, -87.7283692100341)"
"425","Humboldt Park",23,"Multifamily",60624,6,1152342.728,1903805.745,41.89190751,-87.71596466,"(41.8919075104178, -87.7159646598521)"
"426","Woodlawn",42,"Multifamily",60637,42,1184316.038,1861429.077,41.77493196,-87.59987091,"(41.7749319631987, -87.5998709116872)"
"427","Englewood",68,"Senior",60621,102,1171685.363,1862689.261,41.77867633,-87.64613601,"(41.77867633250194, -87.64613601414938)"
"428","Norwood Park",10,"Senior",60631,84,1127328.815,1937441.873,41.98466628,-87.80707301,"(41.9846662832426, -87.8070730078682)"
"429","Oakland",36,"Multifamily",60653,6,1184448.129,1877628.139,41.81938039,-87.59887932,"(41.8193803897797, -87.5988793227119)"
"430","Grand Boulevard",38,"Multifamily",60653,20,1179638.248,1877940.683,41.8203495,-87.61651411,"(41.820349500309, -87.6165141094717)"
"431","Grand Boulevard",38,"Multifamily",60653,81,1181681.401,1876615.505,41.81666609,-87.60905996,"(41.81666609459, -87.6090599646745)"
"432","Uptown",3,"Supportive",60640,70,1167071.996,1929651.057,41.96252489,-87.66112652,"(41.96252489219771, -87.66112652498248)"
"433","Near South Side",33,"Senior",60616,151,1176346.441,1889816.861,41.85301339,-87.62823221,"(41.8530133902049, -87.6282322110359)"
"434","Lake View",6,"Senior LGBTQ",60613,79,1170240.93,1924164.847,41.94740173,-87.64963658,"(41.9474017349803, -87.6496365843957)"
"435","West Garfield Park",26,"Supportive Housing",60612,52,1157527.975,1898606.336,41.87753589,-87.69706305,"(41.8775358857993, -87.6970630483414)"
"436","Gage Park",63,"Senior",60629,59,1155572.425,1865354.407,41.78632804,-87.70513618,"(41.7863280449868, -87.7051361750491)"
"437","Oakland",36,"Multifamily",60653,81,1184020.764,1877980.711,41.82035789,-87.60043601,"(41.8203578869792, -87.6004360121251)"
"438","North Lawndale",29,"Multifamily",60623,26,1150056.063,1890463.503,41.85533972,-87.72471008,"(41.8553397217037, -87.7247100762886)"
"439","West Town",24,"Supportive/Veterans",60622,48,1156229.026,1906960.648,41.90048723,-87.70160663,"(41.9004872304807, -87.701606631524)"
"440","Logan Square",22,"ARO",60647,3,1156536.742,1913073.871,41.91725621,-87.70031066,"(41.9172562068666, -87.7003106604857)"
"441","Grand Boulevard",38,"Senior",60615,60,1182079.08,1871653.126,41.80303973,-87.60775489,"(41.8030397258336, -87.6077548851795)"
"442","West Englewood",67,"Multifamily",60636,71,1166121.345,1862956.686,41.77953039,-87.66652651,"(41.7795303859505, -87.6665265091554)"
"443","Grand Boulevard",38,"Multifamily",60615,21,1181729.297,1872129.617,41.80435535,-87.60902296,"(41.8043553511156, -87.6090229601074)"
"444","North Lawndale",29,"Multifamily",60612,42,1156574.009,1894894.51,41.86736961,-87.70066623,"(41.8673696100651, -87.7006662254259)"
"445","Douglas",35,"Senior",60653,152,1179348.36,1879907.496,41.82575322,-87.61751743,"(41.8257532207213, -87.6175174281735)"
"446","Near West Side",28,"ARO",60607,70,1167941.14691492,1901872.48531868,41.8862802428956,-87.6587344871331,"(41.886280242895666, -87.6587344871331)"
"447","North Park",13,"Senior",60646,180,1148723.501,1938044.237,41.98593151,-87.72836921,"(41.9859315141827, -87.7283692100341)"
"448","Humboldt Park",23,"Multifamily",60624,27,1153649.603,1903659.52,41.89148035,-87.71116895,"(41.8914803509781, -87.7111689514043)"
"449","Armour Square",34,"Multifamily",60616,147,1174528.583,1889278.897,41.85157794,-87.63492034,""
"450","Douglas",35,"Multifamily",60609,12,1176772.49,1880503.014,41.82744587,-87.62694964,"(41.8274458746058, -87.6269496359167)"
"451","Belmont Cragin",19,"ARO",60634,3,1138569.742,1918921.633,41.93364805,-87.7661803,"(41.9336480471609, -87.7661803002324)"
"452","South Lawndale",30,"Multifamily",60623,29,1153098.302,1885797.728,41.84247656,-87.71366715,"(41.8424765579916, -87.7136671490412)"
"453","Garfield Ridge",56,"Senior",60638,87,1129403.745,1864822.912,41.78535412,-87.801098,"(41.7853541248735, -87.8010979955144)"
"454","West Englewood",67,"Multifamily",60636,52,1163257.203,1862800.707,41.77916282,-87.6770312,"(41.7791628235362, -87.67703119707)"
"455","Douglas",35,"Multifamily",60609,72,1176529.6,1880409.309,41.82719422,-87.62784358,"(41.82719421911, -87.6278435793213)"
"456","Lake View",6,"Supportive",60657,51,1169002.943,1921540.76,41.94022814,-87.65426349,"(41.9402281367541, -87.6542634881766)"
"457","Washington Park",40,"Multifamily",60637,56,1178164.22,1864572.055,41.78369838,-87.62232714,"(41.78369838167961, -87.62232713678218)"
"458","West Town",22,"ARO",60647,3,1160128.527,1911668.447,41.91332611,-87.68715329,"(41.9133261116844, -87.68715328833)"
"459","East Garfield Park",27,"Multifamily",60624,52,1152417.178,1895758.869,41.86982456,-87.71590385,"(41.8698245594426, -87.7159038458016)"
"460","East Garfield Park",27,"Multifamily/Artists",60624,24,1153767.678,1899627.529,41.88041381,-87.71084273,"(41.8804138114539, -87.7108427297598)"
"461","South Shore",43,"Artists & Families",60637,32,1187273.42,1858913.338,41.76795883,-87.58910953,"(41.767958834450795, -87.58910952643669)"
"462","Englewood",68,"Supportive Housing",60621,45,1171373.661,1863023.368,41.77959999,-87.64726896,"(41.7795999913491, -87.647268959761)"
"463","Oakland",36,"Multifamily",60653,6,1184665.38,1877176.162,41.81813504,-87.59809656,"(41.818135036696, -87.5980965590227)"
"464","Ashburn",70,"Senior",60652,85,1158906.934,1852040.954,41.74972646,-87.69327334,"(41.7497264566211, -87.6932733372306)"
"465","Woodlawn",42,"Multifamily",60637,33,1182661.471,1864419.23,41.78317579,-87.60584352,"(41.783175785112, -87.6058435155323)"
"466","North Center",5,"ARO",60613,4,1163245.359,1929209.633,41.96139512,-87.67520801,"(41.9613951199669, -87.6752080062593)"
"467","Washington Park",40,"People with Disabilities",60615,85,1178127.358,1868790.595,41.7952753,-87.62233438,"(41.7952753030787, -87.6223343775137)"
"468","Douglas",35,"Multifamily",60609,6,1176848.892,1880973.883,41.82873626,-87.62665512,"(41.8287362551999, -87.6266551179107)"
"469","Grand Boulevard",38,"Multifamily",60653,38,1182295.45,1875978.517,41.81490392,-87.60682726,"(41.8149039242413, -87.6068272642158)"
"470","Near North Side",8,"Multifamily",60610,116,1172154.289,1908220.998,41.90360901,-87.6430754,"(41.9036090085436, -87.6430753953974)"
"471","North Lawndale",29,"Multifamily",60608,10,1158535.345,1893803.561,41.86433604,-87.69349569,"(41.8643360428425, -87.6934956949133)"
"472","Loop",32,"ARO",60605,23,1177375.505,1895971.036,41.86987759,-87.6242686986725,""
"473","Logan Square",22,"ARO",60647,12,1158283.98,1914416.08,41.92090376,-87.6938545,"(41.9209037607771, -87.6938544995202)"
"474","Woodlawn",42,"Multifamily",60637,6,1182886.226,1862714.794,41.77849343,-87.60507242,"(41.7784934339328, -87.6050724236176)"
"475","Roseland",49,"Supportive Housing",60628,50,1176951.402,1831516.016,41.69301591,-87.62776735,"(41.6930159120977, -87.6277673462214)"
"476","Douglas",35,"Senior",60653,120,1179441.358,1879836.399,41.825556,-87.61717842,"(41.8255559976103, -87.6171784180992)"
"477","South Lawndale",30,"Multifamily",60623,2,1152765.059,1888679.589,41.85039133,-87.7148139,"(41.8503913261082, -87.7148138990107)"
"478","Lake View",6,"ARO",60657,8,1165079.655,1922988.589,41.94428543,-87.668641546406,"(41.94428543256419, -87.668641546406)"
"479","Uptown",3,"Women's Supportive",60640,10,1168716.801,1932469.91,41.97022435,-87.6549972,"(41.970224345725285, -87.6549971996707)"
"480","Albany Park",14,"Senior",60625,56,1154133.125,1931889.16,41.96893506,-87.70863783,"(41.9689350644141, -87.7086378257316)"
"481","South Deering",51,"Senior",60617,86,1193007.252,1839809.525,41.71539824,-87.56871495,"(41.7153982407788, -87.5687149518265)"
"482","Lake View",6,"ARO",60657,11,1171266.718,1923235.211,41.94482827,-87.64589349,"(41.94482826560603, -87.64589348837235)"
"483","Roseland",49,"Multifamily",60628,40,1178893.699,1835198.534,41.70307738,-87.62054468,"(41.7030773785091, -87.6205446770862)"
"484","Humboldt Park",23,"Multifamily",60647,6,1152601.045,1910933.782,41.91146242,-87.71482723,"(41.9114624187205, -87.7148272291204)"
"485","West Town",24,"Multifamily",60622,3,1159853.176,1909475.952,41.90731543,-87.68822545,"(41.9073154253631, -87.6882254516982)"
"486","Lake View",6,"ARO",60657,2,1164033.827,1923207.502,41.94490833,-87.67247934,"(41.9449083304908, -87.6724793376448)"
"487","West Town",24,"ARO",60647,20,1165062.198,1908099.432,41.90342906,-87.66912961,"(41.9034290632559, -87.6691296062709)"
"488","Loop",32,"Multifamily",60601,16,1174747.572,1901307.252,41.88457966,-87.63375683,"(41.8845796629736, -87.6337568335385)"
"489","Logan Square",22,"Multifamily",60647,6,1154251.058,1912153.096,41.91477551,-87.70873296,"(41.9147755105005, -87.7087329617065)"
"490","West Town",22,"People with Disabilities",60622,17,1157480.326,1907439.713,41.90177645,-87.69699748,"(41.90177644987999, -87.6969974803004)"
"491","Albany Park",14,"Senior",60630,97,1145674.754,1931569.979,41.96822423,-87.73974749,"(41.9682242320605, -87.7397474865535)"
"492","Uptown",3,"ARO",60640,3,1169493.3772929,1929989.653,41.96340154,-87.65221421,"(41.9634015395821, -87.6522142080034)"
"493","Woodlawn",42,"Senior",60637,65,1182583.342,1864354.944,41.78300119,-87.60613195,"(41.7830011908191, -87.6061319506967)"
"494","Douglas",35,"ARO",60616,1,1178560.467,1884464.478,41.8382759,-87.62026922,"(41.8382759033884, -87.6202692165246)"
"495","Woodlawn",42,"Multifamily",60637,6,1183196.24,1862140.115,41.77690925,-87.60395378,"(41.7769092522879, -87.6039537769831)"
"496","Grand Boulevard",38,"Multifamily",60609,220,1176982.246,1875311.407,41.81319493,-87.6263368,"(41.8131949278106, -87.6263367998472)"
"497","Oakland",36,"Multifamily",60653,534,1180730.096,1879250.693,41.8239192,-87.61246844,"(41.8239192006736, -87.6124684434156)"
"498","Uptown",3,"Multifamily",60640,160,1169410.724,1930422.942,41.9645923,-87.65250544,"(41.9645923008648, -87.6525054365529)"
"499","Uptown",3,"Multifamily",60640,6,1167071.996,1929651.057,41.96252489,-87.66112652,"(41.96252489219771, -87.66112652498248)"
"500","Grand Boulevard",38,"Multifamily",60653,60,1179638.248,1877940.683,41.8203495,-87.61651411,"(41.820349500309, -87.6165141094717)"
"501","Humboldt Park",23,"Multifamily",60612,4,1155202.993,1904711.76,41.89433675,-87.70543577,"(41.89433674506332, -87.70543577020683)"
"502","Edgewater",77,"Multifamily",60660,108,1167688.709,1941496.368,41.99501546,-87.65851604,"(41.9950154575665, -87.6585160357341)"
"503","Near West Side",28,"Multifamily",60608,124,1168817.278,1893757.841,41.8639941,-87.65575239,"(41.8639940987888, -87.6557523872438)"
"504","Near South Side",33,"ARO",60616,10,1177122.368,1890143.367,41.85389182,-87.62537446,"(41.8538918245058, -87.6253744575475)"
"505","West Lawn",65,"Seniors",60629,89,1145974.074,1859144.924,41.76947523,-87.74048606,"(41.7694752347327, -87.7404860550053)"
"506","Woodlawn",42,"Multifamily",60637,67,1186722.404,1864209.572,41.78250522,-87.59096164,"(41.782505219358, -87.5909616432556)"
"507","Bridgeport",19,"Senior",60608,55,1168114.67,1885548.333,41.84148167,-87.65856844,"(41.84148167339779, -87.65856843550151)"
"508","South Chicago",46,"Senior Supportive Living",60617,112,1199523.085,1844538.456,41.72821355,-87.54469279,"(41.7282135463978, -87.5446927938825)"
"509","Grand Boulevard",38,"Artist Live/Work Space",60653,16,1180131.926,1873998.52,41.80952057,-87.61482402,"(41.8095205688443, -87.6148240160309)"
"510","North Lawndale",29,"Multifamily",60608,7,1158531.931,1893930.095,41.86468333,-87.69350477,"(41.8646833344944, -87.6935047652592)"
"511","Auburn Gresham",71,"Senior",60620,72,1166895.24,1847057.796,41.73588515,-87.66414272,"(41.7358851522607, -87.6641427165593)"
"512","South Shore",43,"Senior",60649,87,1196631.912,1854159.484,41.7546866,-87.55496472,"(41.7546866025245, -87.5549647164794)"
"513","Uptown",3,"Senior",60613,13,1168438.959,1929421.65,41.96186585,-87.65610743,"(41.9618658532981, -87.656107428372)"
"514","Grand Boulevard",38,"Senior HUD 202",60653,63,1177427.156,1875236.623,41.81297966,-87.62470713,"(41.812979659555, -87.6247071273336)"
"515","Near West Side",28,"ARO",60607,9,1169996.992,1900682.032,41.88296896,-87.65121973,"(41.8829689598866, -87.6512197347754)"
"516","Woodlawn",42,"Multifamily",60637,63,1182692.163,1863173.729,41.7797573,-87.60576963,"(41.7797573035967, -87.6057696254993)"
"517","Lake View",6,"ARO",60657,2,1164928.833,1921523.945,41.94026958,-87.66923761,"(41.9402695807229, -87.6692376073269)"
"518","Grand Boulevard",38,"Multifamily",60615,5,1181481.554,1872046.51,41.80413302,-87.60993412,"(41.8041330240218, -87.6099341196123)"
"519","Uptown",3,"ARO",60640,35,1167357.302,1933882.339,41.97412953,-87.6599553,"(41.9741295261027, -87.6599553011627)"
"520","Garfield Ridge",56,"Senior",60638,56,1145216.815,1871992.721,41.80474599,-87.74293848,"(41.8047459933631, -87.7429384797351)"
"521","West Englewood",67,"Multifamily",60636,12,1163331.993,1862802.809,41.77916703,-87.67675695,"(41.7791670261036, -87.6767569483975)"
"522","East Garfield Park",27,"Multifamily",60624,108,1152480.61,1895702.738,41.86966928,-87.71567245,"(41.8696692769002, -87.7156724505967)"
"523","West Ridge",2,"Senior",60660,89,1162949.472,1939941.189,41.99084916,-87.67599309,"(41.9908491576843, -87.6759930883639)"
"524","Washington Park",40,"Multifamily",60637,5,1178814.52,1864578.625,41.78370163,-87.61994272,"(41.7837016280704, -87.6199427242499)"
"525","Lake View",6,"ARO",60613,2,1170305.662,1926158.031,41.95286969,-87.64934018,"(41.9528696876172, -87.6493401793848)"
"526","Uptown",3,"ARO",60640,7,1168829.31,1930666.235,41.96527256,-87.65463604,"(41.965272561138, -87.6546360379986)"
"527","Roseland",49,"Supportive Housing",60628,40,1176448.512,1833690.986,41.69899564,-87.62954345,"(41.6989956380033, -87.6295434504419)"
"528","Logan Square",22,"Multifamily",60647,3,1152977.196,1913047.516,41.91725524,-87.71338923,"(41.9172552391374, -87.7133892334538)"
"529","Montclare",18,"Senior Supportive Living",60707,78,1130150.063,1915088.087,41.923277,-87.79721089,"(41.92327700208769, -87.79721089340802)"
"530","Roseland",49,"Senior",60628,81,1178829.401,1835494.405,41.70389075,-87.62077116,"(41.7038907515241, -87.6207711552983)"
"531","Uptown",3,"Senior",60613,231,1168832.75,1927172.303,41.95568502,-87.65472513,"(41.9556850172763, -87.6547251281064)"
"532","Austin",25,"Multifamily",60644,12,1139234.68,1898405.584,41.8773375,-87.76423685,"(41.8773374950883, -87.7642368505251)"
"533","West Town",24,"ARO",60642,3,1168866.667,1905178.379,41.89533182,-87.65523984,"(41.8953318242, -87.6552398396278)"
"534","West Ridge",2,"Senior",60645,14,1159043.161,1945096.219,42.00507612,-87.69021903,"(42.0050761227234, -87.6902190302217)"
"535","Edgewater",77,"Multifamily",60660,6,1167225.117,1941025.828,41.9937343,-87.66023494,"(41.9937342988581, -87.6602349438158)"
"536","Uptown",3,"Multifamily",60640,6,1169310.725,1929445.614,41.96191266,-87.65290164,"(41.96191266175898, -87.65290163994482)"
"537","Lake View",6,"ARO",60613,2,1167923.765,1924431.746,41.94818452,-87.65814611,"(41.948184520219066, -87.65814610572426)"
"538","West Pullman",53,"Senior",60643,70,1172827.454,1826559.72,41.67950676,-87.6430113,"(41.6795067550453, -87.6430113026999)"
"539","Near North Side",8,"ARO",60610,32,1174524.397,1906411.103,41.8985899,-87.63442369,"(41.89858990433527, -87.634423692947)"
"540","Oakland",36,"Multifamily",60653,3,1184432.115,1877384.382,41.81871188,-87.59894571,"(41.8187118791618, -87.5989457091247)"
"541","Humboldt Park",23,"Multifamily",60624,6,1152648.978,1903805.805,41.89190162,-87.71483993,"(41.8919016207191, -87.7148399289988)"
"542","Greater Grand Crossing",69,"Artist Housing",60619,32,1187273.42,1858913.338,41.76795883,-87.58910953,"(41.7679588344507, -87.5891095264366)"
"543","Woodlawn",42,"Multifamily",60637,117,1187957.596,1862318.637,41.77728699,-87.58649335,"(41.7772869880935, -87.586493351533)"
"544","North Lawndale",29,"Supportive/Youth/Kinship Families",60624,32,1149479.823,1894358.781,41.86604003,-87.72672414,"(41.8660400255621, -87.7267241436599)"
"545","West Town",24,"ARO",60622,4,1163828.869,1905410.003,41.89607519,-87.67373584,"(41.8960751867522, -87.6737358366883)"
"546","West Town",24,"ARO",60622,2,1163033.416,1910701.375,41.91061185,-87.67650857,"(41.9106118451822, -87.6765085657742)"
"547","Grand Boulevard",38,"Multifamily",60653,239,1177902.205,1874091.161,41.80982565,-87.62299938,"(41.8098256489654, -87.6229993768141)"
"548","Lake View",6,"ARO",60613,1,1166356.459,1924520.278,41.94846119,-87.66390462,"(41.9484611934317, -87.6639046213447)"
"549","Austin",22,"Multifamily",60647,30,1152932.106,1911940.497,41.91421838,-87.71358429,"(41.9142183770542, -87.7135842865605)"
"550","North Lawndale",29,"Multifamily",60608,29,1158282.873,1893724.634,41.86412462,-87.69442467,"(41.8641246191184, -87.694424669823)"
"551","Humboldt Park",23,"Senior",60647,69,1152271.525,1910359.241,41.90989234,-87.71605298,"(41.9098923381712, -87.7160529794187)"
"552","Woodlawn",42,"Multifamily",60637,67,1182676.847,1863775.147,41.781408,-87.60580712,"(41.7814080036687, -87.6058071227519)"
"553","Pullman",50,"Multifamily",60628,210,1184202.937,1836150.183,41.70556659,-87.60107403,"(41.7055665941817, -87.6010740303264)"
"554","Woodlawn",42,"Senior",60637,17,1186094.259,1864312.843,41.78280346,-87.59326131,"(41.782803460278, -87.5932613147048)"
"555","Humboldt Park",23,"Multifamily",60647,111,1153823.719,1911621.628,41.91332565,-87.71031714,"(41.9133256466417, -87.7103171383554)"
"556","Uptown",3,"ARO",60640,6,1165662.258,1930140.186,41.96389731,-87.66629556,"41 96389731224472"
"557","North Lawndale",29,"Veterans",60612,90,1157090.217,1894613.231,41.8665873,-87.69877877,"(41.8665872953847, -87.6987787748764)"
"558","Lincoln Park",7,"People with Disabilities",60614,14,1170546.591,1917225.736,41.92835383,-87.64871676,"(41.928353829716904, -87.64871675547464)"
"559","Grand Boulevard",38,"Multifamily",60615,24,1182124.435,1871654.416,41.80304222,-87.60758851,"(41.803042215953, -87.6075885067614)"
"560","Oakland",36,"Multifamily",60653,6,1184352.47,1877438.04,41.81886099,-87.59923619,"(41.8188609892833, -87.5992361922266)"
"561","Austin",25,"Multifamily",60644,40,1139038.208,1898825.974,41.87849467,-87.76494803,"(41.8784946733449, -87.7649480304947)"
"562","Logan Square",22,"Multifamily",60612,96,1155995.815,1916357.844,41.92627863,-87.70220924,"(41.9262786289595, -87.7022092386702)"
"563","Near North Side",8,"ARO",60610,1,1172235.681,1906133.684,41.8978795,-87.64283814,"(41.8978795039922, -87.6428381376954)"
"564","Douglas",35,"Multifamily",60609,80,1176856.611,1880678.422,41.82792531,-87.62663572,"(41.827925310886, -87.6266357171471)"
"565","Garfield Ridge",56,"Senior",60638,85,1143675.613,1872964.362,41.80744124,-87.74856678,"(41.8074412434739, -87.7485667790425)"
"566","Lake View",6,"ARO",60657,5,1169533.106,1922098.583,41.94174729,-87.65229869,"(41.9417472878147, -87.6522986894853)"
"567","Near West Side",28,"Multifamily",60612,42,1163284.257,1901334.737,41.8849038,-87.67585077,"(41.8849038014928, -87.675850768228)"
"568","South Chicago",46,"Supportive Housing",60617,23,1195337.919,1849509.651,41.74195912,-87.5598599,"(41.7419591237961, -87.5598598952004)"
"569","Avalon Park",45,"Senior",60619,102,1185587.742,1853564.459,41.75332086,-87.5954564,"(41.75332086089, -87.5954564008654)"
"570","Near North Side",8,"ARO",60610,21,1173428.391,1909646.778,41.9074932,-87.63835294,"(41.9074931960316, -87.638352940941)"
"571","Humboldt Park",23,"Multifamily",60624,6,1155403.532,1903205.531,41.89019948,-87.70473978,"(41.8901994819175, -87.7047397753891)"
"572","Near West Side",28,"ARO",60607,3,1168300.729,1896799.341,41.87235139,-87.65756071,"(41.8797620924696, -87.6589883360869)"
"573","Roseland",49,"Inter-generational",60628,10,1178767.713,1835996.433,41.70526978,-87.62098184,"(41.7052697846438, -87.6209818376544)"
"574","Humboldt Park",23,"Multifamily",60624,6,1152627.179,1903731.702,41.89169871,-87.71492195,"(41.8916987069965, -87.7149219479465)"
"575","Rogers Park",1,"ARO",60626,3,1163535.311,1947041.333,42.01031978,-87.67363702,"(42.0103197756509, -87.6736370200105)"
"576","South Shore",43,"Senior",60649,84,1194467.28,1855300.561,41.75787127,-87.56285983,"(41.757871272437, -87.5628598348934)"
"577","Near West Side",28,"ARO",60608,7,1168331.384,1892984.019,41.86188118,-87.65755844,"(41.86188117554516, -87.65755843617394)"
"578","Washington Park",40,"People with Disabilities",60637,25,1178188.164,1178188.164,41.78915201,-87.62217908,"(41.7891520073212, -87.6221790761558)"
"579","Logan Square",22,"Multifamily",60647,3,1152547.355,1912706.661,41.91632842,-87.71497751,"(41.9163284200712, -87.7149775129236)"
"580","Grand Boulevard",38,"Multifamily",60609,181,1176907.636,1878122.623,41.82091083,-87.62652565,"(41.8209108341935, -87.6265256539288)"
"581","Logan Square",22,"ARO",60647,1,1158751.315,1913231.215,41.91764283,-87.69216996,"(41.917642826462, -87.6921699562562)"
"582","Woodlawn",42,"Multifamily",60637,84,1186573.262,1863816.865,41.78143113,-87.59152085,"(41.781431130748, -87.5915208532369)"
"583","Lake View",6,"ARO",60657,2,1171668.171,1920857.17,41.93829399,-87.64448816,"(41.9382939864091, -87.6444881624503)"
"584","Washington Park",40,"Multifamily",60637,12,1179107.395,1864667.296,41.78393828,-87.61886624,"(41.7839382763516, -87.6188662442677)"
"585","Lake View",6,"ARO",60657,1,1166360.814,1921458.364,41.94005906,-87.6639765,"(41.9400590614586, -87.663976501825)"
"586","East Garfield Park",27,"Supportive Housing",60612,90,1157527.975,1898606.336,41.87753589,-87.69706305,"(41.8775358857993, -87.6970630483414)"
"587","Near West Side",28,"ARO",60607,75,1167876.373,1901318.58,41.88476168,-87.65898834,"(41.88476168481302, -87.6589883360869)"
"588","Irving Park",16,"Senior",60618,51,1154285.687,1927005.643,41.95553133,-87.70820786,"(41.9555313337016, -87.7082078564992)"
"589","West Town",24,"ARO",60622,1,1165486.105,1907421.224,41.901559,-87.66759184,"(41.9015589972665, -87.6675918419615)"
"590","Washington Park",40,"Multifamily",60653,24,1178662.056,1865432.916,41.78604936,-87.62047574,"(41.786049356749, -87.6204757368767)"
"591","Uptown",3,"ARO",60640,5,1165171.809,1933139.263,41.97213736,-87.66801316,"(41.9721373560187, -87.668013158017)"
"592","Grand Boulevard",38,"Multifamily",60653,110,1178081.875,1876584.156,41.81666256,-87.62226472,"(41.8166625649533, -87.622264717481)"
"593","South Shore",43,"Multifamily",60649,18,1189376.954,1858721.452,41.76738208,-87.58140538,"(41.7673820795833, -87.58140538023)"
"594","Uptown",3,"ARO",60640,8,1167546.298,1934240.17,41.97510735,-87.65924996,"(41.975107346793216, -87.65924996027928)"
"595","West Town",24,"ARO",60647,9,1160060.293,1911240.1,41.91215211,-87.68741582,"(41.9121521055374, -87.6874158168675)"
"596","Douglas",35,"Multifamily",60616,134,1179206.472,1887158.196,41.84565291,-87.61781639,"(41.8456529117633, -87.6178163910093)"
